8;Jack Sparrow;jackson@gdfl.fk;I need water;+234234534;2026-01-09 20:49:59.780076; 
1;Mike Jordan;sdsd@sd.fd;Hi;+4552349569;2026-01-09 14:58:34.004680; 
2;Mike Jordan;sdsd@sd.fd;Hi;+4552349569;2026-01-09 20:38:17.978711; 
3;Mike Jordan;sdsd@sd.fd;Hi;+4552349569;2026-01-09 20:43:59.722179; 
4;Mike Jordan;sdsd@sd.fd;Hi;+4552349569;2026-01-09 20:44:01.207230; 
5;Mike Jordan;sdsd@sd.fd;Hi;+4552349569;2026-01-09 20:45:05.816770; 
6;Mike Jordan;sdsd@sd.fd;Hi;+4552349569;2026-01-09 20:46:27.113647; 
7;Mike Jordan;sdsd@sd.fd;Hi;+4552349569;2026-01-09 20:48:47.084355; 
9;Mike Jordan;sdsd@sd.fd;Hi;+4552349569;2026-01-09 20:52:12.837443; 
10;Mike Jordan;sdsd@sd.fd;Hi;+4552349569;2026-01-09 20:57:21.788856; 
11;Mike Jordan;sdsd@sd.fd;Hi;+4552349569;2026-01-09 21:00:36.789412; 
12;Mike Jordan;sdsd@sd.fd;Hi;+4552349569;2026-01-09 21:04:17.955771; 
14;Mike Jordan;sdsd@sd.fd;Hi;+4552349569;2026-01-09 21:05:20.332128; 
16;Mike Jordan;sdsd@sd.fd;Hi;+4552349569;2026-01-09 21:11:20.809229; 
17;Mike Jordan;sdsd@sd.fd;Hi;+4552349569;2026-01-09 21:12:15.413407; 
18;Mike Jordan;sdsd@sd.fd;Hi;+4552349569;2026-01-09 21:13:16.123012; 
19;Mike Jordan;sdsd@sd.fd;Hi;+4552349569;2026-01-09 21:15:37.690355; 
20;Mike Jordan;sdsd@sd.fd;Hi;+4552349569;2026-01-09 21:16:41.396004; 
21;Mike Jordan;sdsd@sd.fd;Hi;+4552349569;2026-01-09 21:16:49.402988; 
22;Mike Jordan;sdsd@sd.fd;Hi;+4552349569;2026-01-09 21:18:36.505829; 
23;Mike Jordan;sdsd@sd.fd;Hi;+4552349569;2026-01-09 21:20:05.032349; 
24;Mike Jordan;sdsd@sd.fd;Hi;+4552349569;2026-01-09 21:20:55.489455; 
25;Mike Jordan;sdsd@sd.fd;Hi;+4552349569;2026-01-09 21:21:35.308404; 
26;Mike Jordan;sdsd@sd.fd;Hi;+4552349569;2026-01-09 21:24:53.412809; 
27;Mike Jordan;sdsd@sd.fd;Hi;+4552349569;2026-01-09 21:25:06.003277; 
28;Mike Jordan;sdsd@sd.fd;Hi;+4552349569;2026-01-09 21:26:27.894313; 
29;Mike Jordan;sdsd@sd.fd;Hi;+4552349569;2026-01-09 21:26:46.844340; 
30;Mike Jordan;sdsd@sd.fd;Hi;+4552349569;2026-01-09 21:48:03.171746; 
31;Mike Jordan;sdsd@sd.fd;Hi;+4552349569;2026-01-09 21:50:21.526754; 
32;Mike Jordan;sdsd@sd.fd;Hi;+4552349569;2026-01-09 21:57:12.031143; 
33;Mike Jordan;sdsd@sd.fd;Hi;+4552349569;2026-01-09 22:05:21.589483; 
34;Mike Jordan;sdsd@sd.fd;Hi;+4552349569;2026-01-09 22:19:05.832724; 
35;Mike Jordan;sdsd@sd.fd;Hi;+4552349569;2026-01-09 22:19:22.450249; 
36;Mike Jordan;sdsd@sd.fd;Hi;+4552349569;2026-01-09 22:19:57.749583; 
37;Mike Jordan;sdsd@sd.fd;Hi;+4552349569;2026-01-09 22:22:42.528332; 
38;Mike Jordan;sdsd@sd.fd;Hi;+4552349569;2026-01-09 22:23:04.942995; 
39;Mike Jordan;sdsd@sd.fd;Hi;+4552349569;2026-01-10 20:41:29.821949; 
40;Mike Jordan;sdsd@sd.fd;Hi;+4552349569;2026-01-10 20:46:29.231238; 
41;Mike Jordan;sdsd@sd.fd;Hi;+4552349569;2026-01-10 20:46:35.429680; 
42;Mike Jordan;sdsd@sd.fd;Hi;+4552349569;2026-01-10 20:46:48.449388; 
43;Mike Jordan;sdsd@sd.fd;Hi;+4552349569;2026-01-10 20:47:40.097243; 
44;Mike Jordan;sdsd@sd.fd;Hi;+4552349569;2026-01-10 21:21:49.858794; 
45;Mike Jordan;sdsd@sd.fd;Hi;+4552349569;2026-01-10 21:22:22.940592; 
46;Mike Jordan;sdsd@sd.fd;Hi;+4552349569;2026-01-10 21:25:39.760907; 
47;Mike Jordan;sdsd@sd.fd;Hi;+4552349569;2026-01-10 21:25:48.339920; 
48;Mike Jordan;sdsd@sd.fd;Hi;+4552349569;2026-01-10 21:26:59.358039; 
49;Mike Jordan;sdsd@sd.fd;Hi;+4552349569;2026-01-10 22:37:47.881766; 
50;Mike Jordan;sdsd@sd.fd;Hi;+4552349569;2026-01-10 22:38:30.385971; 
51;Mike Jordan;sdsd@sd.fd;Hi;+4552349569;2026-01-10 22:39:06.613803; 
52;Mike Jordan;sdsd@sd.fd;Hi;+4552349569;2026-01-10 22:39:07.193492; 
53;Mike Jordan;sdsd@sd.fd;Hi;+4552349569;2026-01-10 22:39:58.820900; 
54;Mike Jordan;sdsd@sd.fd;Hi;+4552349569;2026-01-10 22:48:46.309070; 
55;Mike Jordan;sdsd@sd.fd;Hi;+4552349569;2026-01-10 22:51:21.733075; 
56;Mike Jordan;sdsd@sd.fd;Hi;+4552349569;2026-01-10 22:52:29.038102; 
57;Mike Jordan;sdsd@sd.fd;Hi;+4552349569;2026-01-10 22:52:57.145224; 
58;Mike Jordan;sdsd@sd.fd;Hi;+4552349569;2026-01-10 23:04:58.942988; 
59;Mike Jordan;sdsd@sd.fd;Hi;+4552349569;2026-01-10 23:11:53.126880; 
60;Mike Jordan;sdsd@sd.fd;Hi;+4552349569;2026-01-10 23:13:31.026087; 
61;Mike Jordan;sdsd@sd.fd;Hi;+4552349569;2026-01-10 23:15:12.372844; 
62;Mike Jordan;sdsd@sd.fd;Hi;+4552349569;2026-01-11 12:55:39.545471; 
63;Mike Jordan;sdsd@sd.fd;Hi;+4552349569;2026-01-11 15:36:57.250191; 
64;Mike Jordan;sdsd@sd.fd;Hi;+4552349569;2026-01-11 15:56:35.621784; 
65;Mike Jordan;sdsd@sd.fd;Hi;+4552349569;2026-01-11 15:58:18.073713; 
66;Mike Jordan;sdsd@sd.fd;Hi;+4552349569;2026-01-11 16:07:59.634051; 
67;Mike Jordan;sdsd@sd.fd;Hi;+4552349569;2026-01-11 16:08:20.986843; 
68;Mike Jordan;sdsd@sd.fd;Hi;+4552349569;2026-01-11 16:08:40.243773; 
69;Mike Jordan;sdsd@sd.fd;Hi;+4552349569;2026-01-11 16:09:40.720999; 
70;Mike Jordan;sdsd@sd.fd;Hi;+4552349569;2026-01-11 17:38:02.220783; 
71;Mike Jordan;sdsd@sd.fd;Hi;+4552349569;2026-01-17 11:20:32.989886; 
72;Mike Jordan;sdsd@sd.fd;Hi;+4552349569;2026-01-17 11:20:53.045088; 
73;Mike Jordan;sdsd@sd.fd;Hi;+4552349569;2026-01-17 12:51:19.179657; 
74;Mike Jordan;sdsd@sd.fd;Hi;+4552349569;2026-01-17 13:05:35.344900; 
75;Mike Jordan;sdsd@sd.fd;Hi;+4552349569;2026-01-17 13:07:04.092061; 
76;Mike Jordan;sdsd@sd.fd;Hi;+4552349569;2026-01-17 13:12:06.748969; 
77;Mike Jordan;sdsd@sd.fd;Hi;+4552349569;2026-01-17 13:13:53.918787; 
78;Mike Jordan;sdsd@sd.fd;Hi;+4552349569;2026-01-17 13:15:24.197945; 
79;Mike Jordan;sdsd@sd.fd;Hi;+4552349569;2026-01-17 13:21:00.863549; 
80;Mike Jordan;sdsd@sd.fd;Hi;+4552349569;2026-01-17 13:24:44.626713; 
81;Mike Jordan;sdsd@sd.fd;Hi;+4552349569;2026-01-17 13:26:29.468810; 
82;Mike Jordan;sdsd@sd.fd;Hi;+4552349569;2026-01-17 13:38:49.611833; 
13;string;string;string;string;2026-01-09 21:04:24.937592; 
15;string;string;string;string;2026-01-09 21:05:24.457307; 
